first_name,last_name,email
Aarav,Sharma,aarav.sharma@example.com
Vivaan,Patel,vivaan.patel@example.com
Aditya,Mehta,aditya.mehta@example.com
Vihaan,Reddy,vihaan.reddy@example.com
Arjun,Gupta,arjun.gupta@example.com
Sai,Kumar,sai.kumar@example.com
Reyansh,Verma,reyansh.verma@example.com
Ayaan,Desai,ayaan.desai@example.com
Krishna,Nair,krishna.nair@example.com
Rudra,Bansal,rudra.bansal@example.com
Lakshya,Singh,lakshya.singh@example.com
Dhruv,Chopra,dhruv.chopra@example.com
Rohan,Mehta,rohan.mehta@example.com
Kabir,Saxena,kabir.saxena@example.com
Kiaan,Shah,kiaan.shah@example.com
Shivansh,Jadhav,shivansh.jadhav@example.com
Anaya,Patel,anaya.patel@example.com
Aditi,Sharma,aditi.sharma@example.com
Saanvi,Verma,saanvi.verma@example.com
Ira,Gupta,ira.gupta@example.com
Diya,Bansal,diya.bansal@example.com
Meera,Nair,meera.nair@example.com
Riya,Desai,riya.desai@example.com
Tanishq,Singh,tanishq.singh@example.com
Pooja,Chopra,pooja.chopra@example.com
Simran,Kumar,simran.kumar@example.com
Nisha,Patel,nisha.patel@example.com
Sneha,Mehta,sneha.mehta@example.com
Aarohi,Reddy,aarohi.reddy@example.com
Tanvi,Shah,tanvi.shah@example.com
Siddharth,Verma,siddharth.verma@example.com
Kavya,Gupta,kavya.gupta@example.com
Navya,Saxena,navya.saxena@example.com
Ritika,Jadhav,ritika.jadhav@example.com
Ananya,Singh,ananya.singh@example.com
Neha,Sharma,neha.sharma@example.com
Sakshi,Patel,sakshi.patel@example.com
Shreya,Mehta,shreya.mehta@example.com
Vaishnavi,Reddy,vaishnavi.reddy@example.com
Aditi,Bansal,aditi.bansal@example.com
Radhika,Desai,radhika.desai@example.com
Tanisha,Nair,tanisha.nair@example.com
Kriti,Gupta,kriti.gupta@example.com
Isha,Chopra,isha.chopra@example.com
Naina,Shah,naina.shah@example.com
Aashvi,Singh,aashvi.singh@example.com
Samaira,Verma,samaira.verma@example.com
Jiya,Kumar,jiya.kumar@example.com
Mira,Patel,mira.patel@example.com
Nivaan,Mehta,nivaan.mehta@example.com
Aria,Reddy,aria.reddy@example.com
Kaira,Bansal,kaira.bansal@example.com
Rhea,Desai,rhea.desai@example.com
Zara,Saxena,zara.saxena@example.com
